tWaits,Expect_P00,Expect_P01,Expect_P10,Expect_P11
1.0e-5,0.994245612811954,0.002590507448959541,0.0025905074489595433,0.0005726735095391159
0.00396,0.008990187290078992,0.0014887005236220011,0.0014887005236219753,0.9880183739648558
0.01452,0.0009408741429115922,0.0038045916611115834,0.0038045916611115843,0.9913927630614712
0.01848,0.9978863328227199,0.0010012794109432997,0.0010012794109432537,4.8101807962474004e-5
