tWaits,Expect_P00,Expect_P01,Expect_P10,Expect_P11
1.0e-5,0.9942089741535368,0.0026060235842441377,0.0026087788911767244,0.0005760871758146921
0.00396,0.008497396371132483,0.0026123301702849966,0.0010800279909651531,0.9878137212073397
0.01452,0.0008020100180412523,0.010633352950477556,0.0006467328136075549,0.9879359452347436
0.01848,0.9979037433661794,0.0011100078063324336,0.0009326024887137455,6.131496260921681e-5
