tWaits,Expect_P00,Expect_P01,Expect_P10,Expect_P11
1.0e-5,0.8003561487372971,0.09424402241047868,0.09424402241047868,0.01115535578227884
0.00396,0.25813022065854246,0.04704050493224379,0.04704050493224379,0.6475728633466566
0.01452,0.1410655752804767,0.07891541150128337,0.0789154115012834,0.7003488101730525
0.01848,0.6537986814266549,0.1545682430720595,0.1545682430720605,0.035709902253421674
